Feature,Importance
service,0.18593396868523918
protocol_type,0.1475763702757256
dst_host_srv_rerror_rate,0.08713303588751176
srv_serror_rate,0.07475554065912719
rerror_rate,0.06747753434706587
diff_srv_rate,0.057894796138379126
urgent,0.03861795990446636
dst_host_srv_serror_rate,0.034771342273454305
num_outbound_cmds,0.03436947120447772
dst_host_srv_count,0.03257088138126887
srv_diff_host_rate,0.026550436966405917
dst_host_rerror_rate,0.02604571709188542
is_guest_login,0.02494999123175605
dst_host_same_src_port_rate,0.016532214967756698
dst_host_same_srv_rate,0.01628205518910801
count,0.0159720668331768
dst_host_diff_srv_rate,0.015534615502235833
is_host_login,0.014911825135544284
dst_host_count,0.014654490330007973
same_srv_rate,0.014637713849263925
